Hash,Positives,Community Score,File Type,File Size,File Name,Last Analysis
19f5cc020fc877fc342ad76e3714601ad7d6978f30daf28a27556c983ae5b01d,38/73 security vendors flagged this file as malicious, -24,pedll,53.42 KB,mwsSrcAs.DLL,18 November 2024 at 12:58 PM
4f1ff9bdef6d0b2ece7775e3adae50ac75daeff126faefe81810830d485f934c,58/72 security vendors flagged this file as malicious, -62,peexe,1.41 MB,VirusShare_00f538c3d410822e241486ca061a57ee,23 September 2024 at 01:00 PM
15c0f4e0bb74893b20326f871aa29ac9bf7f79ca437416e2d45f679722517d8d,59/71 security vendors flagged this file as malicious, -59,peexe,728.00 KB,Removal.exe,08 December 2024 at 07:25 AM
32f01153ffc9f0fafcf6fb39f6b30e1e67ac99478e7eace314358a97ed0de032,35/60 security vendors flagged this file as malicious, -2,Unknown,8.92 KB,VirusShare_781770fda3bd3236d0ab8274577dddde,04 March 2024 at 12:44 PM
570eab9ce89db496a22196746cdcc68d5924abed65655bd4042b14306eadd98f,65/72 security vendors flagged this file as malicious, -59,peexe,255.86 KB,VirusShare-86b6c59aa48a69e16d3313d982791398,02 March 2024 at 04:38 AM
abce729b892c9784dd9e9a89999a4bc64da9398b4fa46b0efcc60dd91a4eab69,58/68 security vendors flagged this file as malicious, -56,peexe,328.00 KB,wxh.exe,10 December 2024 at 05:25 AM
6cfe33ea14a4758043dd95ef9aed19ca6940d5245cee809f1c4b35b9fe78c1a0,52/75 security vendors flagged this file as malicious, 0,peexe,508.90 KB,VirusShare-10699ac57f1cf851ae144ebce42fa587,09 August 2024 at 09:59 PM
ccfb25a11ef2d61c78bbefcb88accd38cf7c7c82e225f6ead0119ccbc0ff1aeb,64/71 security vendors flagged this file as malicious, -135,pedll,59.63 KB,VirusShare_248338632580f9c018c4d8f8d9c6c408,02 March 2024 at 04:47 AM
12e2d8d46f7b5127a660f2f697daeb68db2331f81d4c9bb41e83da6840a71e39,42/59 security vendors flagged this file as malicious, -43,html,58.49 KB,VirusShare_999eb1840c209aa70a84c5cf64909e5f,12 March 2024 at 08:32 PM
b7ffc2249eb34ef67d6931f1d5715dd4655ab7fa3b073272afbc16585608f896,58/72 security vendors flagged this file as malicious, -103,peexe,16.00 KB,VirusShare-12c4201fe1db96a1a1711790b52a3cf9,04 December 2024 at 10:52 AM
99e976a7811253e815db64e21163e6ca7be31cdf72e4fb0f8ee92ffa51c0e604,59/72 security vendors flagged this file as malicious, -56,peexe,14.25 KB,VirusShare-427988b7f16152b0961e20d710f0509d,02 March 2024 at 06:13 AM
e055bb90e7209b94ec877744eaf9fb96f00968bf9e51b4a92b1837924df4be96,35/60 security vendors flagged this file as malicious, 0,Unknown,9.83 KB,VirusShare_4209aba2d2d252b98d98df499206b6d1,02 March 2024 at 06:14 AM
466bb157f72c7f5f559a0388d12b1de935ec5078fc4ad1994f961e20eb50bed8,62/71 security vendors flagged this file as malicious, -57,pedll,74.01 KB,VirusShare-1947b44cc6f64e565d8a4215bc655315,02 March 2024 at 06:14 AM
954a9a260f9f8e7c379e8bc612a7d87d92358eeba8b0ee4d0aa56e1ef9dcaefa,60/72 security vendors flagged this file as malicious, -56,peexe,26.50 KB,VirusShare_8f80cf878a3e05c06c9d03646443e41d,02 March 2024 at 06:21 AM
a5a19b740703c692a4c0ab8f9560b982d9dacdf90ed899ae0117084547e504e9,61/67 security vendors flagged this file as malicious, -56,peexe,148.00 KB,WolAaZILiNgxlw.exe,02 March 2024 at 05:07 AM
521fb6ebc79e4bbb4d31d4f70c5a1a9c2b8c34099e6f67749f1f01f26a15ee95,43/59 security vendors flagged this file as malicious, -53,gif,21.18 KB,VirusShare_25f0ef9e7742ece45689bc91ddc1becb,02 March 2024 at 05:10 AM
d6317e881502e02dc4664def88e8ad0dfa798b7b3fc8b3ab8c4cfca20dd21d69,55/70 security vendors flagged this file as malicious, 0,pedll,36.00 KB,UniDist.OCX,26 March 2024 at 01:31 PM
9e0c326e7d4e5d480b7eadd7eebb78f2e6ed12da8ae61c049d4b242f46a8566a,59/72 security vendors flagged this file as malicious, -54,peexe,182.00 KB,VirusShare_6de84d91cbacb4e9c7ba1cc5e2a52362,04 April 2024 at 04:48 AM
20fe1c99cc3fafe5d46979616e2ee8fc704e70e88aeba6afd3fd156919c095e0,1/50 security vendor flagged this file as malicious, 0,pdf,144.43 KB,VirusShare_5cbef8e4ade60ef54b57132762974125,02 March 2024 at 05:18 AM
77005bddc4b2caf3bc4c1d53428fdbdcdaf36b124ad72a6139bb5ea4fb0e9460,43/65 security vendors flagged this file as malicious, 0,text,497 B,VirusShare_8c1363154716763edf6ea771607ee98e.txt,31 July 2024 at 09:28 PM
3f55d34aa0b71daf4ad8a5937721ba4511e55cd31fdacd2e817e8977605232b8,41/60 security vendors flagged this file as malicious, 0,mz,5.52 KB,VirusShare-10c027b28bfb9c569268746dd805fa7f,28 February 2024 at 06:36 AM
6bc32a390752c8da585a9985f9d586f9bfba15cc42ac628701bff4005add1158,60/69 security vendors flagged this file as malicious, 0,peexe,496.00 KB,stup.exe,28 February 2024 at 08:43 AM
3b6b94e3cfde95e8bfa8d3f04503489fce38dd3c4547834efc74e261543cb1ec,53/72 security vendors flagged this file as malicious, 0,peexe,20.00 KB,NtSysUpdate.exe,02 March 2024 at 07:12 AM
a887fc2c6e4cae38303a1e9f253e3df407f8c6e5193ddadda6ba8d9afc216734,59/72 security vendors flagged this file as malicious, -56,peexe,92.66 KB,VirusShare-526ae1b5f10eccfa069f4fd1c8b18097,02 March 2024 at 06:58 AM
2aa04981d8ef2078ffc1ae9c1c1f3a0c1a5dcab9c1739d98fabe5ac00fb6f856,57/71 security vendors flagged this file as malicious, 0,peexe,244.39 KB,VirusShare_f7198035cce341240181d005c7b022e0,07 December 2024 at 08:00 PM
f38650b0d85ecdc6d0f270a3a9b64e6c85d1ab25e02847533c2c3c42465181ee,49/63 security vendors flagged this file as malicious, 0,vba,7.08 KB,VirusShare_c7f0b39590e901bb9679cec16ac41d58.txt,19 November 2024 at 07:22 PM
c0212953cbe05ac00957fea6eb11b81955f3384c04313cbf496acacd15644392,58/72 security vendors flagged this file as malicious, 0,peexe,612.00 KB,VirusShare-5643daa8318caef7a10d71b1e664aa0b,03 March 2024 at 06:08 PM
6fb03daf6b0f7efde353010f7255c3e84d6140e3a03c904ac0dab9a12a254417,61/72 security vendors flagged this file as malicious, 0,peexe,66.82 KB,VirusShare-ffb456a28adf28a05af5746f996a96dc,02 March 2024 at 07:03 AM
cedd41e61115c6dd067cc9994752b2db98201c133c86807d4ad8eb1a69a0cfd5,43/60 security vendors flagged this file as malicious, 0,gif,23.45 KB,VirusShare_5eab41b7e53a17718529854c19f8b3f0,03 March 2024 at 07:39 PM
3139d054e55a6bd2ecfe76f8c027c029e0bc7da10119653474bb96159aae8a2a,53/71 security vendors flagged this file as malicious, -27,peexe,144.86 KB,WinS-R32.exe,02 March 2024 at 05:50 AM
33ec6d3a48c20c7a409c02bf203483ab3310c9050d02535a90407dff95072541,61/72 security vendors flagged this file as malicious, -1,peexe,1.41 KB,VirusShare-ebbd225e6fd4eaa7189423a4b17065b3,02 March 2024 at 07:22 AM
145cfe30255993168bb5635c30144f0ade755b2ac3e909f4ded037df2fdf239e,32/60 security vendors flagged this file as malicious, -1,Unknown,6.00 KB,VirusShare_2ea416d5be6e34b6e3f4b3ba0f4616d5,03 March 2024 at 02:04 AM
68afce465533872f216737b81bbd8256554b995f3fa2c04383bd8603fa6c995c,59/71 security vendors flagged this file as malicious, 0,peexe,119.50 KB,neww.exe,02 March 2024 at 07:31 AM
3940df71469a1d73f9fdaff09881995ad8d7b8f840c14168c00ce98f632718b7,57/72 security vendors flagged this file as malicious, 0,peexe,365.00 KB,VirusShare-9390c3e1001d5231795482d2e00026e3,02 March 2024 at 07:15 AM
01b622552107b78010caacb405080153696f47cbd5545df4f3b19fa50e7d64e8,61/70 security vendors flagged this file as malicious, 0,pedll,71.92 KB,VirusShare-cd8b49edac751c6205e5a3ed1a3bacfa,02 March 2024 at 07:43 AM
fabc4c0747411683c12b48baa30ae3ba20695066db12a419c12774eedd2c680f,43/62 security vendors flagged this file as malicious, 0,doc,12.00 KB,VirusShare_8a802da32da7bbc2a1a2e5ec7a2d9961,21 November 2024 at 01:31 AM
14514563ff2d7f916f48bfcffa996b7b5f5b6fd930d3584f8f57733cb1cf9c5b,57/72 security vendors flagged this file as malicious, 0,peexe,44.00 KB,service.exe,02 March 2024 at 06:10 AM
ad4d936868a828df4544471be94056c64981131e6c0ea4a1adad25ed0f0de041,58/72 security vendors flagged this file as malicious, 0,peexe,96.00 KB,stub.exe,02 March 2024 at 07:37 AM
19f5cc020fc877fc342ad76e3714601ad7d6978f30daf28a27556c983ae5b01d,38/73 security vendors flagged this file as malicious, -24,pedll,53.42 KB,mwsSrcAs.DLL,18 November 2024 at 12:58 PM
4f1ff9bdef6d0b2ece7775e3adae50ac75daeff126faefe81810830d485f934c,58/72 security vendors flagged this file as malicious, -62,peexe,1.41 MB,VirusShare_00f538c3d410822e241486ca061a57ee,23 September 2024 at 01:00 PM
15c0f4e0bb74893b20326f871aa29ac9bf7f79ca437416e2d45f679722517d8d,59/71 security vendors flagged this file as malicious, -59,peexe,728.00 KB,Removal.exe,08 December 2024 at 07:25 AM
32f01153ffc9f0fafcf6fb39f6b30e1e67ac99478e7eace314358a97ed0de032,35/60 security vendors flagged this file as malicious, -2,Unknown,8.92 KB,VirusShare_781770fda3bd3236d0ab8274577dddde,04 March 2024 at 12:44 PM
570eab9ce89db496a22196746cdcc68d5924abed65655bd4042b14306eadd98f,65/72 security vendors flagged this file as malicious, -59,peexe,255.86 KB,VirusShare-86b6c59aa48a69e16d3313d982791398,02 March 2024 at 04:38 AM
abce729b892c9784dd9e9a89999a4bc64da9398b4fa46b0efcc60dd91a4eab69,58/68 security vendors flagged this file as malicious, -56,peexe,328.00 KB,wxh.exe,10 December 2024 at 05:25 AM
6cfe33ea14a4758043dd95ef9aed19ca6940d5245cee809f1c4b35b9fe78c1a0,52/75 security vendors flagged this file as malicious, 0,peexe,508.90 KB,VirusShare-10699ac57f1cf851ae144ebce42fa587,09 August 2024 at 09:59 PM
ccfb25a11ef2d61c78bbefcb88accd38cf7c7c82e225f6ead0119ccbc0ff1aeb,64/71 security vendors flagged this file as malicious, -135,pedll,59.63 KB,VirusShare_248338632580f9c018c4d8f8d9c6c408,02 March 2024 at 04:47 AM
12e2d8d46f7b5127a660f2f697daeb68db2331f81d4c9bb41e83da6840a71e39,42/59 security vendors flagged this file as malicious, -43,html,58.49 KB,VirusShare_999eb1840c209aa70a84c5cf64909e5f,12 March 2024 at 08:32 PM
b7ffc2249eb34ef67d6931f1d5715dd4655ab7fa3b073272afbc16585608f896,58/72 security vendors flagged this file as malicious, -103,peexe,16.00 KB,VirusShare-12c4201fe1db96a1a1711790b52a3cf9,04 December 2024 at 10:52 AM
99e976a7811253e815db64e21163e6ca7be31cdf72e4fb0f8ee92ffa51c0e604,59/72 security vendors flagged this file as malicious, -56,peexe,14.25 KB,VirusShare-427988b7f16152b0961e20d710f0509d,02 March 2024 at 06:13 AM
e055bb90e7209b94ec877744eaf9fb96f00968bf9e51b4a92b1837924df4be96,35/60 security vendors flagged this file as malicious, 0,Unknown,9.83 KB,VirusShare_4209aba2d2d252b98d98df499206b6d1,02 March 2024 at 06:14 AM
466bb157f72c7f5f559a0388d12b1de935ec5078fc4ad1994f961e20eb50bed8,62/71 security vendors flagged this file as malicious, -57,pedll,74.01 KB,VirusShare-1947b44cc6f64e565d8a4215bc655315,02 March 2024 at 06:14 AM
954a9a260f9f8e7c379e8bc612a7d87d92358eeba8b0ee4d0aa56e1ef9dcaefa,60/72 security vendors flagged this file as malicious, -56,peexe,26.50 KB,VirusShare_8f80cf878a3e05c06c9d03646443e41d,02 March 2024 at 06:21 AM
a5a19b740703c692a4c0ab8f9560b982d9dacdf90ed899ae0117084547e504e9,61/67 security vendors flagged this file as malicious, -56,peexe,148.00 KB,WolAaZILiNgxlw.exe,02 March 2024 at 05:07 AM
521fb6ebc79e4bbb4d31d4f70c5a1a9c2b8c34099e6f67749f1f01f26a15ee95,43/59 security vendors flagged this file as malicious, -53,gif,21.18 KB,VirusShare_25f0ef9e7742ece45689bc91ddc1becb,02 March 2024 at 05:10 AM
d6317e881502e02dc4664def88e8ad0dfa798b7b3fc8b3ab8c4cfca20dd21d69,55/70 security vendors flagged this file as malicious, 0,pedll,36.00 KB,UniDist.OCX,26 March 2024 at 01:31 PM
9e0c326e7d4e5d480b7eadd7eebb78f2e6ed12da8ae61c049d4b242f46a8566a,59/72 security vendors flagged this file as malicious, -54,peexe,182.00 KB,VirusShare_6de84d91cbacb4e9c7ba1cc5e2a52362,04 April 2024 at 04:48 AM
20fe1c99cc3fafe5d46979616e2ee8fc704e70e88aeba6afd3fd156919c095e0,1/50 security vendor flagged this file as malicious, 0,pdf,144.43 KB,VirusShare_5cbef8e4ade60ef54b57132762974125,02 March 2024 at 05:18 AM
77005bddc4b2caf3bc4c1d53428fdbdcdaf36b124ad72a6139bb5ea4fb0e9460,43/65 security vendors flagged this file as malicious, 0,text,497 B,VirusShare_8c1363154716763edf6ea771607ee98e.txt,31 July 2024 at 09:28 PM
3f55d34aa0b71daf4ad8a5937721ba4511e55cd31fdacd2e817e8977605232b8,41/60 security vendors flagged this file as malicious, 0,mz,5.52 KB,VirusShare-10c027b28bfb9c569268746dd805fa7f,28 February 2024 at 06:36 AM
6bc32a390752c8da585a9985f9d586f9bfba15cc42ac628701bff4005add1158,60/69 security vendors flagged this file as malicious, 0,peexe,496.00 KB,stup.exe,28 February 2024 at 08:43 AM
3b6b94e3cfde95e8bfa8d3f04503489fce38dd3c4547834efc74e261543cb1ec,53/72 security vendors flagged this file as malicious, 0,peexe,20.00 KB,NtSysUpdate.exe,02 March 2024 at 07:12 AM
a887fc2c6e4cae38303a1e9f253e3df407f8c6e5193ddadda6ba8d9afc216734,59/72 security vendors flagged this file as malicious, -56,peexe,92.66 KB,VirusShare-526ae1b5f10eccfa069f4fd1c8b18097,02 March 2024 at 06:58 AM
2aa04981d8ef2078ffc1ae9c1c1f3a0c1a5dcab9c1739d98fabe5ac00fb6f856,57/71 security vendors flagged this file as malicious, 0,peexe,244.39 KB,VirusShare_f7198035cce341240181d005c7b022e0,07 December 2024 at 08:00 PM
f38650b0d85ecdc6d0f270a3a9b64e6c85d1ab25e02847533c2c3c42465181ee,49/63 security vendors flagged this file as malicious, 0,vba,7.08 KB,VirusShare_c7f0b39590e901bb9679cec16ac41d58.txt,19 November 2024 at 07:22 PM
c0212953cbe05ac00957fea6eb11b81955f3384c04313cbf496acacd15644392,58/72 security vendors flagged this file as malicious, 0,peexe,612.00 KB,VirusShare-5643daa8318caef7a10d71b1e664aa0b,03 March 2024 at 06:08 PM
6fb03daf6b0f7efde353010f7255c3e84d6140e3a03c904ac0dab9a12a254417,61/72 security vendors flagged this file as malicious, 0,peexe,66.82 KB,VirusShare-ffb456a28adf28a05af5746f996a96dc,02 March 2024 at 07:03 AM
cedd41e61115c6dd067cc9994752b2db98201c133c86807d4ad8eb1a69a0cfd5,43/60 security vendors flagged this file as malicious, 0,gif,23.45 KB,VirusShare_5eab41b7e53a17718529854c19f8b3f0,03 March 2024 at 07:39 PM
3139d054e55a6bd2ecfe76f8c027c029e0bc7da10119653474bb96159aae8a2a,53/71 security vendors flagged this file as malicious, -27,peexe,144.86 KB,WinS-R32.exe,02 March 2024 at 05:50 AM
33ec6d3a48c20c7a409c02bf203483ab3310c9050d02535a90407dff95072541,61/72 security vendors flagged this file as malicious, -1,peexe,1.41 KB,VirusShare-ebbd225e6fd4eaa7189423a4b17065b3,02 March 2024 at 07:22 AM
145cfe30255993168bb5635c30144f0ade755b2ac3e909f4ded037df2fdf239e,32/60 security vendors flagged this file as malicious, -1,Unknown,6.00 KB,VirusShare_2ea416d5be6e34b6e3f4b3ba0f4616d5,03 March 2024 at 02:04 AM
68afce465533872f216737b81bbd8256554b995f3fa2c04383bd8603fa6c995c,59/71 security vendors flagged this file as malicious, 0,peexe,119.50 KB,neww.exe,02 March 2024 at 07:31 AM
3940df71469a1d73f9fdaff09881995ad8d7b8f840c14168c00ce98f632718b7,57/72 security vendors flagged this file as malicious, 0,peexe,365.00 KB,VirusShare-9390c3e1001d5231795482d2e00026e3,02 March 2024 at 07:15 AM
01b622552107b78010caacb405080153696f47cbd5545df4f3b19fa50e7d64e8,61/70 security vendors flagged this file as malicious, 0,pedll,71.92 KB,VirusShare-cd8b49edac751c6205e5a3ed1a3bacfa,02 March 2024 at 07:43 AM
fabc4c0747411683c12b48baa30ae3ba20695066db12a419c12774eedd2c680f,43/62 security vendors flagged this file as malicious, 0,doc,12.00 KB,VirusShare_8a802da32da7bbc2a1a2e5ec7a2d9961,21 November 2024 at 01:31 AM
14514563ff2d7f916f48bfcffa996b7b5f5b6fd930d3584f8f57733cb1cf9c5b,57/72 security vendors flagged this file as malicious, 0,peexe,44.00 KB,service.exe,02 March 2024 at 06:10 AM
ad4d936868a828df4544471be94056c64981131e6c0ea4a1adad25ed0f0de041,58/72 security vendors flagged this file as malicious, 0,peexe,96.00 KB,stub.exe,02 March 2024 at 07:37 AM
b1b33a1aa88b3fd873a277e4e6df88bb797b578aef33741ef1e13ca40bd4520c,59/70 security vendors flagged this file as malicious, -1,peexe,52.68 KB,VirusShare-3054eacbfe7f1e061b0c23ea2de38507,04 December 2024 at 11:25 AM
b9da8ec8b0493ea7bd3c69f7060d3224632c38e6e7a0d240409d9a1a3a3f22b7,54/73 security vendors flagged this file as malicious, 0,peexe,531.00 KB,VirusShare-568e8a988387659dae05b560ccbb24f8,13 November 2024 at 08:55 AM
19f5cc020fc877fc342ad76e3714601ad7d6978f30daf28a27556c983ae5b01d,38/73 security vendors flagged this file as malicious, -24,pedll,53.42 KB,mwsSrcAs.DLL,18 November 2024 at 12:58 PM
4f1ff9bdef6d0b2ece7775e3adae50ac75daeff126faefe81810830d485f934c,58/72 security vendors flagged this file as malicious, -62,peexe,1.41 MB,VirusShare_00f538c3d410822e241486ca061a57ee,23 September 2024 at 01:00 PM
15c0f4e0bb74893b20326f871aa29ac9bf7f79ca437416e2d45f679722517d8d,59/71 security vendors flagged this file as malicious, -59,peexe,728.00 KB,Removal.exe,08 December 2024 at 07:25 AM
